iter	Logloss
0	0.674151329911	0.6561347602	2	0.6388753633	3	0.6222256084	4	0.6073960705	0.5905718268
66	0.579206841277	0.5657389199
8	0.5524806492
9	0.5401433295110	0.5284020111
11	0.5180066251
12	0.5077053242
13	0.4972385977
14	0.4892843281
15	0.4806092675
16	0.4734773851
17	0.4655512637
18	0.4585395928
19	0.451146420	0.4437003531
21	0.4382682631
22	0.4319222922
23	0.426754886
24	0.4214727565
25	0.4150153365
26	0.4106120696
27	0.4050765474
28	0.4007593023
29	0.3962686183
30	0.3924414176
31	0.3881120906
32	0.3838513367
33	0.380055278
34	0.3766487634
35	0.3731826675
36	0.3697250472
37	0.366086793
38	0.3626951882
39	0.3601574891
40	0.3571289792
41	0.3548973277
42	0.352551536
43	0.3502872127
44	0.3477240548
45	0.3450401237
46	0.3431760533
47	0.3411698642
48	0.3389672821
49	0.3373390174
50	0.3357526883
51	0.3335727343
52	0.3315013652
53	0.3295645518
54	0.3278653038
55	0.3263824278
56	0.3250209503
57	0.3235452496
58	0.3222450578
59	0.3210311289
60	0.3197521708
61	0.3185074264662	0.3171187688663	0.3161123896464	0.3145403886565	0.3132135257
66	0.3119343415
67	0.3111699747
68	0.3099835284
69	0.3089163345
70	0.3079226063
71	0.3070605001
72	0.3060365365
73	0.3053462291
74	0.30444366
75	0.3034718723
76	0.302341097
77	0.3016100388
78	0.3009752732
79	0.300286922
80	0.2994748567
81	0.2987884077
82	0.2979337167
83	0.297220447
84	0.2965740725
85	0.2960732728
86	0.2957248841
87	0.2951440684
88	0.294672509
89	0.2940295151
90	0.2935416688
91	0.2931190087
92	0.2924925107
93	0.2919016875
94	0.291336442
95	0.2908283538
96	0.2902582837
97	0.2897879237
98	0.2892976663
99	0.2889089191
100	0.288344543
101	0.2879074022
102	0.2875870518
103	0.2870956562
104	0.2867207687
105	0.2863054089
106	0.2860265586
107	0.2856951007
108	0.2852929968
109	0.2847776245
110	0.2843557034
111	0.284088938
112	0.2837623948
113	0.2834608085
114	0.2830292675
115	0.2826720341
116	0.2823467908
117	0.2820084431
118	0.2816982502
119	0.2814227921
120	0.2810184958
121	0.2808833721
122	0.2805802661
123	0.2804505434
124	0.2802021174
125	0.2798627634
126	0.2795651226
127	0.2792029045
128	0.2789051626
129	0.278732454
130	0.2784781772
131	0.278282111
132	0.2779858476
133	0.2777936607
134	0.277567457
135	0.277315986
136	0.2770395173
137	0.2768911594
138	0.2766407838
139	0.2763895362
140	0.2762074454
141	0.2759185356
142	0.2756980307
143	0.2754939868
144	0.2754046171
145	0.2751993049
146	0.275034811
147	0.2748051976
148	0.2746110621
149	0.274377959
150	0.2742652623
151	0.2739909664
152	0.2738742968
153	0.2736483726
154	0.2735602248
155	0.2734051867
156	0.2731880638
157	0.2729396382
158	0.2727669206
159	0.272620282
160	0.2723759205
161	0.2722054615
162	0.2721004425
163	0.2718995987
164	0.2717012096
165	0.2714819477
166	0.2712902685
167	0.2709989478
168	0.2708083895
169	0.2705885532
170	0.2704725399
171	0.2703684627
172	0.2701068822
173	0.2699873479
174	0.2698307348
175	0.2697162436
176	0.2695882621
177	0.269392218
178	0.2691867532
179	0.2690067097
180	0.2687606544
181	0.2686225521
182	0.2684811538
183	0.2683436843
184	0.2682381521
185	0.268060345
186	0.2678904183
187	0.2677839436
188	0.2676608868
189	0.2675314533
190	0.2674069943
191	0.2673041999
192	0.2671244253
193	0.2669959762
194	0.2668120528
195	0.2667403782
196	0.2665863455
197	0.2664215779
198	0.2663087837
199	0.2660589948
200	0.2659238832
201	0.2658464593
202	0.2656397871
203	0.2655134226
204	0.2653578163
205	0.2652523358
206	0.2651344944
207	0.2650705865
208	0.2649348413
209	0.2648103868
210	0.2647113805
211	0.2645671997
212	0.2645533853
213	0.2644863751
214	0.2643505043
215	0.2641727398
216	0.2640802805
217	0.2639780154
218	0.2638884406
219	0.2637504488
220	0.2636337237
221	0.2635776729
222	0.2634924085
223	0.2633451413
224	0.2632645699
225	0.2631686934
226	0.2630549868
227	0.2629342652
228	0.2628590979
229	0.2627140313
230	0.2626724979
231	0.2625270101
232	0.262349458
233	0.262238534
234	0.2621568749
235	0.2620664158
236	0.2619818903
237	0.2619447006
238	0.2618690975
239	0.261732119
240	0.2615694547
241	0.2614981796
242	0.2614368252
243	0.2613246776
244	0.2612533433
245	0.2611578397
246	0.2610555309
247	0.2609447756
248	0.260872782
249	0.2607701673
250	0.2606873969
251	0.2605826432
252	0.2604195368
253	0.2602995132
254	0.2602175899
255	0.2601636664
256	0.2600763174
257	0.2600085851
258	0.2599438484
259	0.2598702435
260	0.2597891048
261	0.259713824
262	0.2595636509
263	0.2594331475
264	0.2593415254
265	0.2592420378
266	0.2591263589
267	0.2590150108
268	0.2588761899
269	0.2588446821
270	0.2587344453
271	0.2586387822
272	0.2585453937
273	0.2584434565
274	0.2583773275
275	0.258270709
276	0.2582100752
277	0.2580821818
278	0.257884355
279	0.2578111322
280	0.2577347194
281	0.2576024694
282	0.257535625
283	0.2574597796
284	0.2573712621
285	0.2573210726
286	0.2572026373
287	0.2570930853
288	0.2570268358
289	0.2569663005
290	0.2568753457
291	0.2567755875
292	0.2566898527
293	0.2566176217
294	0.2565584971
295	0.2565010931
296	0.2564388679
297	0.2563525989
298	0.2562245497
299	0.2561546658
300	0.2561119156
301	0.2559873368
302	0.2558479743
303	0.2557920084
304	0.2556863416
305	0.2556247851
306	0.2555052587
307	0.2554177244
308	0.2552834238
309	0.2551981834
310	0.2551095172
311	0.255071521
312	0.2550438769
313	0.2549822099
314	0.2549261253
315	0.2548190383
316	0.2547564562
317	0.2546398592
318	0.2545588797
319	0.2545056015
320	0.2544334702
321	0.2543189912
322	0.2542777055
323	0.254210608
324	0.2541260271
325	0.2540046651
326	0.2539245909
327	0.2538381264
328	0.2537900469
329	0.2536743763
330	0.2536369719
331	0.253563522
332	0.2533798416
333	0.2532663921
334	0.2531937611
335	0.2530734037
336	0.2529775233
337	0.2529381611
338	0.2528314665
339	0.2527725333
340	0.2526955637
341	0.2526607102
342	0.2526002973
343	0.2525193091
344	0.2524656234
345	0.2524083747
346	0.2523711343
347	0.2522726501
348	0.2522137563
349	0.2521741045
350	0.2521127403
351	0.2519343726
352	0.2518903907
353	0.251751648
354	0.2516346908
355	0.2515794542
356	0.2513861891
357	0.2513031497
358	0.2511867823
359	0.251078838
360	0.2510657867
361	0.2510180782
362	0.2509628195
363	0.2508508984
364	0.2507667867
365	0.2507264424
366	0.2506432704
367	0.2505964611
368	0.2504998504
369	0.2504169998
370	0.2503952515
371	0.2503408168
372	0.2501704229
373	0.2500905707
374	0.2499958094
375	0.2498861748
376	0.2498616466
377	0.2498191489
378	0.249722064
379	0.2495754174
380	0.2495273867
381	0.2494603549
382	0.2494075846
383	0.2493635725
384	0.2492997488
385	0.2492138719
386	0.2490537144
387	0.2489831006
388	0.2489504487
389	0.2488651561
390	0.2488109073
391	0.248731982
392	0.2486725592
393	0.2486109089
394	0.2485550655
395	0.248505336
396	0.2484686913
397	0.248363025
398	0.2482100969
399	0.2481575815
400	0.2480350236
401	0.2480026123
402	0.2479728887
403	0.2479261074
404	0.2478560108
405	0.2477975609
406	0.2476468186
407	0.2474864683
408	0.2474460963
409	0.2473684978
410	0.247235762
411	0.2471961144
412	0.2471541932
413	0.247138352
414	0.2470224981
415	0.2469237674
416	0.2468931023
417	0.2467759034
418	0.24674199
419	0.2467135084
420	0.2466605435
421	0.246599829
422	0.2464760444
423	0.2463708251
424	0.2463475079
425	0.2463027161
426	0.2461659874
427	0.2460177909
428	0.2458662492
429	0.2457533335
430	0.2456645728
431	0.2455994025
432	0.2454839454
433	0.2453435367
434	0.2452804297
435	0.2452116787
436	0.2451352165
437	0.2449849448
438	0.244921755
439	0.2448930112
440	0.2448298131
441	0.2447388667
442	0.2447185419
443	0.2446623285
444	0.2445949847
445	0.2445287693
446	0.244413599
447	0.2443051545
448	0.2442913351
449	0.2441829345
450	0.2440492032
451	0.2439566243
452	0.2438925308
453	0.2438026138
454	0.243759818
455	0.2437248344
456	0.2435119236
457	0.243369223
458	0.458	0.24346459	0.459	0.24338460	0.460	0.24327461	0.461	0.24310462	0.462	0.24303463	0.463	0.24293464	0.464	0.24277465	0.46465	0.246466	0.46466	0.246467	0.467	0.24257468	0.468	0.24256469	0.469	0.24245470	0470	0.242391471	0471	0.242249472	0472	0.242072473	0.2423355876
474	0.2422864643
475	475	0.2417908476	0.2420931402
477	0.2420207935
478	0.2418831821
479	0.2417603486
480	0.2416984708
481	0.24481	0.245482	0.24482	0.245483	0.24483	0.24484	0.241484	0.2485	0.2411485	0.2486	0.2409486	0.2487	0.2409487	0.2488	0.2408488	0489489	0.240489	490	490	0.240490	491	491	0.240491	492	492	0.240492	493	493	0.240493	494	494	0.240494	495	495	0.240495	496	496	0.239496	497	497	0.239497	498	498	0.239498	499	499	0.239499	500	500	0.239500	501	501	0.239501	502	502	0.239502	503	503	0.239503	0.24504	0.23504	0505	505	0.23505	0506506	0.239506	0507507	0.238507	0508508	0.23508	0.509509	0.23509	0.242510	0.23510	0.242511	0.23511	0.242512	0.2512	0.242513	0.23513	0.242514	0.23514	0.241515	0.23515	0.241516	0.23516	0.241517	0.2381471552
518	0.2379407257
519	0.2378071611
520	0.2377865424
521	0.521	0.24136522	0.522	0.24127523	0.523	0.24123524	0.524	0.24115525	0525	0.241021526	0526	0.240987527	0527	0.240896528	0528	0.240833529	0529	0.240790530	530	0.24068531	0.531	0.24060532	0.532	0.24054533	0.533	0.24043534	0.534	0.24034535	0.535	0.2402157346
536	0.2401023158
537	0.2400635325
538	0.2400100987
539	0.2399236031
540	0.2398402791
541	0.2398103525
542	0.2397120137
543	0.2396771513
544	0.2396239378
545	0.2395259257
546	0.2394069765
547	0.2392489998
548	0.2392185285
549	0.239181188
550	0.2390873475
551	0.2390101102
552	0.2388903216
553	0.2388357868
554	0.2387134551
555	0.2386000651
556	0.2385227791
557	0.2384457545
558	0.2382887346
559	0.2382798712
560	0.2382248296
561	0.238171674
562	0.2380880889
563	0.2379892169
564	0.2379644374
565	0.2378881155
566	0.2378335684
567	0.2377682386
568	0.2376100223
569	0.2375512185
570	0.2374595866
571	0.2374082675
572	0.237330493
573	0.2371451877
574	0.2370256842
575	0.2369074347
576	0.236879603
577	0.2368274417
578	0.2368067308
579	0.2367903483
580	0.2366693342
581	0.2366159224
582	0.2365775313
583	0.2365204501
584	0.236510296
585	0.2364454135
586	0.2363984235
587	0.2362763356
588	0.2362020525
589	0.2361372308
590	0.2361247914
591	0.2360722333
592	0.2359990408
593	0.2359577202
594	0.2359363758
595	0.2358049341
596	0.2357436094
597	0.2356774826
598	0.2356174219
599	0.2354787132
600	0.2353778649
601	0.2352032897
602	0.2351329265
603	0.2351152666
604	0.2350947697
605	0.2350458987
606	0.2350078196
607	0.2348987225
608	0.23487868
609	0.2348378158
610	0.234782357
611	0.234689371
612	0.234671262
613	0.2345970343
614	0.2345719121
615	0.23444552
616	0.2344281297
617	0.2344130362
618	0.2343511352
619	0.2342140079
620	0.234201292
621	0.2341182618
622	0.2340826775
623	0.2339677869
624	0.2338649349
625	0.233736883
626	0.2336409873
627	0.2335856376
628	0.2335357571
629	0.2335155335
630	0.2334227758
631	0.2333084497
632	0.2332085742
633	0.2331234856
634	0.2330082978
635	0.2329032591
636	0.2328141019
637	0.2326705673
638	0.2326299941
639	0.2326170761
640	0.2324510353
641	0.232407211
642	0.2323100661
643	0.2321503855
644	0.2320849283
645	0.2320171045
646	0.2319091559
647	0.2317562259
648	0.231697999
649	0.2316143372
650	0.2315187326
651	0.2314032569
652	0.2313561506
653	0.2312333177
654	0.2310861199
655	0.2309665742
656	0.2309249817
657	0.230892607
658	0.2308001752
659	0.2307395816
660	0.230696965
661	0.2305452332
662	0.2304389225
663	0.2303202992
664	0.2302367192
665	0.2301359543
666	0.2299962134
667	0.2298615785
668	0.2297238192
669	0.2296074532
670	0.2295947719
671	0.2295378797
672	0.2294820284
673	0.2293377082
674	0.2292912649
675	0.2292532132
676	0.2292119903
677	0.229197031
678	0.2291739711
679	0.2291149071
680	0.2289918987
681	0.2289472095
682	0.2288085919
683	0.2287655577
684	0.2286704398
685	0.2286132957
686	0.2285386258
687	0.2285301333
688	0.2284490852
689	0.2284330783
690	0.2283613523
691	0.2282104336
692	0.2281463261
693	0.2280812083
694	0.2279691668
695	0.2279156891
696	0.2278593578
697	0.2277827698
698	0.2277261912
699	0.2276171551
700	0.2275304486
701	0.2274727374
702	0.2274292404
703	0.2272951497
704	0.227182918
705	0.2271019798
706	0.2270413793
707	0.2269406055
708	0.2268858247
709	0.2267780742
710	0.2267255732
711	0.2266010107
712	0.226514145
713	0.2264560218
714	0.2264005504
715	0.2262865282
716	0.2261976059
717	0.2260781195
718	0.2260252353
719	0.2259417958
720	0.225903721	0721	0.225814722	0722	0.2258001148
723	0.225692724	724	0.2256233725	725	0.2255131509
726	0.2254979727	727	0.225416172728	0.2253139046
729	0.2252798359
730	0.2251863712
731	0.2251092442
732	0.22506411173733	0.2250154117734	0.22498061177735	0.22489536473736	0.22478696077737	0.22462542973738	0.22456252973739	0.22455057574740	0.2245436187741	0.22444543457742	0.224371288
743	0.2242620812
744	0.22420962557745	0.22415387557746	0.22404093137747	0.22393892387748	0.22389228747749	0.22380737357750	0.22375469857751	0.22374031537752	0.22371837277753	0.2236799754	754	0.2236184755	755	0.223543756	0756	0.2234811829
757	0.2234312748
758	0.2234198536
759	0.22338760	0.760	0.2232779312
761	0.2232123865
762	0.2231120775
763	0.2229658164
764	0.2228730951
765	0.2227521312
766	0.2227453929
767	0.2227386233
768	0.2227321199
769	0.222676554
770	0.2225735731
771	0.2225199202
772	0.2224827798
773	0.2224357079
774	0.2223748957
775	0.2222718953
776	0.2222589079
777	0.2221588635
778	0.2221524684
779	0.2220288505
780	0.2219765532
781	0.2218512679
782	0.2217637917
783	0.2217176872
784	0.2216775643
785	0.2216229039
786	0.2216165728
787	0.2214424049
788	0.2213448755
789	0.2212386654
790	0.2211780343
791	0.2211209335
792	0.2210560399
793	0.2209564367
794	0.2209097654
795	0.2208111389
796	0.2206934987
797	0.2205969494
798	0.2205707502
799	0.2205577624
800	0.2204589919
801	0.22802	0.215802	0.22803	0.215803	0.22804	0.215804	0.2202352189
805	0.2201553802
806	0.2201217868
807	0.2200561244
808	0.2200324731
809	0.22810	0.215810	0.2200098254
811	0.2199847696
812	0.2198894898
813	0.2198814	0.2814	0.815	815	0.2815	0.2197816	0.816	0.21973817	0.817	0.21966818	0.818	0.2819	819	0.819	0.21948820	0.820	0.21943821	0.821	0.21942822	0.822	0.21940823	0.823	0.21932824	0.2157573858
825	0.2157446871
826	0.2156559146
827	0.827	0.21905828	0.2156097665
829	0829	0.21887830	0.830	0.2188831	0.2154615419
832	0.2154042728
833	0.21536834	0.834	0.21532835	0.835	0.21531836	0.836	0.21524837	0.837	0.21522838	0838	0.215163839	0839	0.2150956357
840	0.2150778943
841	0.2150217611
842	0.214983043
843	0.2148657943
844	0.214816965
845	0.2147462753
846	0.2146805586
847	0.2145822633
848	0.2144882596
849	0.2144056485
850	0.2143391578
851	0.214239145
852	0.2141905634
853	0.2141170062
854	0.2140231287
855	0.2139705021
856	0.2139303404
857	0.21384512
858	0.2138073442
859	0.2137471121
860	0.2136791451
861	0.2135992856
862	0.2135312776
863	0.2134212326
864	0.2132704277
865	0.2132420756
866	0.2131715049
867	0.2131440144
868	0.213097145
869	0.2130185623
870	0.2129229155
871	0.2128868987
872	0.2128212
873	0.2127918249
874	0.2127356556
875	0.2126817751
876	0.2126127828
877	0.21877	0.218879	0.21767648848880	0.21751483558881	0.21740338788882	0.21732746188883	0.217259144
884	0.21722782598885	0.21710187168886	0.217008881
887	0.216930064
888	0.2168835753
889	0.216853594
890	0.2167826708
891	0.2167677459
892	0.2166354066
893	0.2166227862
894	0.2165836609
895	0.2165468318
896	0.2165343527
897	0.2164848375
898	0.2163865183
899	0.216371955
900	0.2162928747
901	0.2161894818
902	0.2161138461
903	0.2158671315
904	0.2157894744
905	0.2156923119
906	0.2156111006
907	0.2155356548
908	0.2154216874
909	0.2153164388
910	0.215300119
911	0.2152228409
912	0.2151356101
913	0.2150494505
914	0.2149780846
915	0.2149307604
916	0.2147290865
917	0.2146788018
918	0.2146093811
919	0.2145185316
920	0.214478136
921	0.2144683238
922	0.2144231362
923	0.214397614
924	0.2143574422
925	0.2141278922
926	0.2141137816
927	0.2139456162
928	0.2138606851
929	0.2137779437
930	0.2136628848
931	0.213593204
932	0.2135032065
933	0.2134390294
934	0.2134030786
935	0.2133753935
936	0.2133341471
937	0.2131974584
938	0.2131277815
939	0.213116223
940	0.2130362203
941	0.2129581781
942	0.212912909
943	0.2128695259
944	0.2128371647
945	0.2127621562
946	0.2126796712
947	0.2125811399
948	0.2123700768
949	0.2123257284
950	0.2121513187
951	0.2120791074
952	0.2120520762
953	0.2119686052
954	0.2118983243
955	0.2117007437
956	0.2116141071
957	0.2115846758
958	0.2114896613
959	0.2114044101
960	0.2113681127
961	0.2112965654
962	0.2112385822
963	0.2112303317
964	0.2111903355
965	0.2111248489
966	0.2111158857
967	0.2110810291
968	0.2109772072
969	0.2109231941
970	0.2108207721
971	0.2107388321
972	0.2107088057
973	0.2106146701
974	0.2105016684
975	0.210417096
976	0.2103864532
977	0.210285359
978	0.2102128802
979	0.2100250228
980	0.2099553553
981	0.2099330887
982	0.2099243774
983	0.2098177083
984	0.2097865043
985	0.2096967985
986	0.2096416471
987	0.2095650909
988	0.2095390258
989	0.2093587989	990	0.2092886990991	0.20918645991992	0.20911147992993	0.2090616905
994	0.2090519994	995	0.2089282995	996	0.2087772996997	0.20871203997998	0.20865718998999	0.2085984999	0.2040738303
94586

