iter	Passed	Remaining
0	103	103321	1	108	53992	2	112	37283	3	116	29064	4	119	23715	112	18690
6	122	17387
7	129	16057
8	131	14518
9	135	13387
10	137	12328
11	138	11431
12	141	10741
13	143	10090
14	145	9530
15	148	9137
16	150	8718
17	152	8329
18	154	79819	149	7315
20	153	7156
2121	161	71922	159	6790
23	161	6577
24	163	6393
25	166	6242
26	169	6101
27	171	5964
28	173	5819
29	176	5693
30	178	5567
31	179	5442
32	182	5347
33	184	5249
34	187	5164
35	189	5076
36	191	4983
37	193	4905
38	197	4856
39	199	4790
40	201	4722
41	204	4659
42	206	4594
43	208	4531
44	211	4484
45	214	4444
46	216	4395
47	219	4345
48	221	4295
49	223	4250
50	226	4208
51	228	4166
52	230	4120
53	233	4084
54	235	4041
55	237	4001
56	239	3967
57	242	3938
58	244	3903
59	247	3871
60	249	3835
61	251	3809
62	254	3784
63	256	3753
64	259	3725
65	261	3700
66	263	3673
67	266	3651
68	268	3627
69	271	3601
70	273	3574
71	275	3550
72	277	3526
73	298	3733
74	300	3711
75	309	3766
76	311	3738
77	314	3712
78	317	3696
79	319	3670
80	321	3645
81	323	3623
82	325	3597
83	328	3577
84	330	3559
85	333	3540
86	335	3518
87	337	3496
88	339	3477
89	342	3459
90	344	3444
91	346	3424
92	349	3407
93	351	3389
94	353	3370
95	356	3361
96	359	3345
97	361	3327
98	363	3312
99	366	3294
100	368	3277
101	370	3262
102	373	3250
103	375	3233
104	377	3218
105	379	3201
106	381	3185
107	384	3176
108	387	3165
109	389	3150
110	391	3137
111	393	3122
112	396	3112
113	399	3101
114	401	3086
115	403	3072
116	405	3059
117	407	3045
118	409	3032
119	412	3023
120	414	3012
121	417	3001
122	419	2988
123	421	2978
124	424	2969
125	426	2961
126	429	2950
127	431	2937
128	433	2924
129	435	2912
130	438	2905
131	440	2894
132	442	2882
133	444	2873
134	447	2864
135	449	2855
136	452	2849
137	454	2841
138	457	2831
139	458	2819
140	461	2811
141	463	2799
142	465	2792
143	468	2783
144	470	2773
145	472	2766
146	474	2755
147	477	2747
148	479	2738
149	481	2730
150	484	2722
151	486	2714
152	488	2702
153	490	2695
154	493	2688
155	495	2680
156	497	2671
157	499	2664
158	502	2655
159	504	2647
160	507	2642
161	509	2636
162	511	2628
163	514	2622
164	516	2613
165	518	2605
166	521	2600
167	523	2591
168	525	2584
169	527	2574
170	529	2566
171	531	2559
172	534	2553
173	535	2543
174	538	2537
175	540	2529
176	542	2522
177	544	2514
178	546	2508
179	549	2502
180	551	2496
181	553	2488
182	555	2481
183	558	2474
184	560	2470
185	563	2464
186	565	2457
187	567	2450
188	569	2444
189	572	2438
190	574	2433
191	576	2427
192	579	2423
193	581	2416
194	583	2410
195	585	2402
196	587	2396
197	590	2390
198	592	2385
199	594	2378
200	596	2373
201	598	2366
202	600	2359
203	603	2355
204	606	2351
205	608	2345
206	610	2339
207	613	2334
208	615	2328
209	618	2326
210	620	2321
211	623	2317
212	624	2309
213	627	2303
214	630	2300
215	632	2295
216	634	2290
217	637	2286
218	639	2281
219	641	2276
220	645	2273
221	647	2267
222	649	2262
223	651	2258
224	654	2253
225	656	2250
226	659	2245
227	661	2239
228	663	2234
229	665	2229
230	668	2224
231	671	2222
232	673	2217
233	675	2212
234	678	2207
235	680	2203
236	682	2197
237	685	2194
238	688	2191
239	690	2185
240	692	2181
241	694	2175
242	696	2170
243	700	2169
244	702	2166
245	705	2161
246	707	2156
247	709	2150
248	711	2145
249	713	2141
250	716	2137
251	718	2132
252	720	2126
253	722	2122
254	724	2117
255	727	2113
256	728	2107
257	731	2102
258	733	2097
259	735	2093
260	737	2087
261	739	2082
262	741	2078
263	743	2073
264	745	2068
265	748	2065
266	750	2061
267	753	2058
268	755	2054
269	757	2048
270	759	2044
271	762	2040
272	764	2036
273	766	2031
274	769	2027
275	771	2022
276	773	2018
277	775	2013
278	777	2009
279	779	2004
280	782	2001
281	784	1998
282	787	1994
283	789	1989
284	791	1986
285	793	1981
286	796	1979
287	798	1975
288	801	1971
289	803	1966
290	805	1963
291	808	1961
292	811	1956
293	812	1951
294	814	1947
295	817	1943
296	819	1940
297	822	1937
298	824	1933
299	826	1929
300	829	1925
301	831	1921
302	833	1917
303	836	1915
304	838	1911
305	841	1907
306	843	1903
307	845	1899
308	847	1894
309	849	1890
310	851	1885
311	853	1881
312	855	1877
313	857	1873
314	860	1870
315	862	1865
316	864	1862
317	866	1859
318	869	1855
319	871	1851
320	873	1847
321	875	1844
322	878	1842
323	881	1838
324	883	1835
325	886	1831
326	888	1829
327	891	1825
328	893	1822
329	895	1818
330	898	1815
331	900	1811
332	902	1808
333	905	1806
334	908	1802
335	910	1798
336	912	1795
337	914	1791
338	917	1788
339	920	1786
340	922	1782
341	924	1779
342	926	1775
343	928	1771
344	930	1767
345	934	1766
346	936	1762
347	938	1759
348	940	1754
349	942	1751
350	945	1747
351	947	1744
352	950	1741
353	952	1737
354	954	1733
355	956	1729
356	958	1726
357	962	1726
358	965	1723
359	967	1719
360	969	1716
361	971	1712
362	973	1709
363	976	1706
364	978	1702
365	981	1699
366	983	1695
367	985	1691
368	987	1688
369	990	1685
370	992	1682
371	994	1679
372	996	1675
373	999	1672
374	1001	1669
375	1003	1665
376	1006	1662
377	1008	1658
378	1009	1654
379	1012	1651
380	1014	1648
381	1017	1645
382	1019	1642
383	1021	1639
384	1024	1636
385	1026	1632
386	1029	1630
387	1031	1627
388	1033	1623
389	1035	1619
390	1037	1616
391	1040	1613
392	1042	1610
393	1044	1607
394	1047	1603
395	1049	1600
396	1051	1597
397	1054	1594
398	1056	1591
399	1059	1588
400	1060	1584
401	1063	1582
402	1065	1579
403	1068	1576
404	1071	1573
405	1073	1570
406	1075	1567
407	1078	1564
408	1080	1561
409	1083	1559
410	1085	1556
411	1087	1552
412	1089	1548
413	1091	1545
414	1094	1542
415	1096	1539
416	1099	1536
417	1101	1533
418	1103	1530
419	1105	1526
420	1107	1523
421	1110	1520
422	1112	1517
423	1114	1513
424	1116	1510
425	1118	1506
426	1120	1504
427	1123	1501
428	1126	1499
429	1128	1496
430	1130	1492
431	1132	1489
432	1134	1485
433	1136	1482
434	1140	1480
435	1141	1477
436	1144	1473
437	1146	1470
438	1148	1467
439	1150	1464
440	1152	1461
441	1155	1458
442	1157	1455
443	1159	1452
444	1161	1448
445	1163	1445
446	1166	1443
447	1168	1440
448	1171	1437
449	1174	1434
450	1175	1431
451	1178	1428
452	1180	1425
453	1183	1422
454	1184	1445545455	1185	456456	1188	14457457	1196	14458458	1195	14459459	1199	14460460	1202	14461461	1205	14462462	1208	14463463	1212	14464	1218	1402
465	1221	1399
466466	1219	13467467	1223	13468468	1225	13469469	1227	13470470	1229	13471471	1231	13472472	1234	13473473	1259	13474474	1239	13475475	1263	13476476	1266	13477477	1268	13478478	1270	13479479	1273	13480480	1275	13481	1261	1355
482	1263	1352
483	1266	1350
484	1268	1347
485	1271	1344
486	1273	1341
487	1276	1338
488	1278	1335
489	1280	1332
490	1283	1330
491	1285	1327
492	1287	1324
493	1289	1321
494	1291	1317
495	1293	1314
496	1296	1311
497	1298	1309
498	1301	1306
499	1303	1303
500	1305	1300
501	1307	1297
502	1310	1294
503	1312	1291
504	1314	1288
505	1316	1285
506	1319	1282
507	1321	1279
508	1323	1276
509	1326	1274
510	1328	1271
511	1331	1268
512	1333	1265
513	1335	1262
514	1338	1260
515	1340	1257
516	1342	1254
517517	1340	12518518	1342	12519519	1345	12520520	1348	12521	1354	1240
522	1356	1237
523	1358	1234
524	1360	1231
525	1362	1228
526	1366	1226
527	1368	1223
528	1371	1220
529	1373	1217
530	1375	1214
531	1377	1211
532	1380	1209
533	1382	1206
534	1384	1203
535	1387	1201
536	1390	1198
537	1392	1195
538	1394	1192
539	1397	1190
540	1399	1187
541	1401	1184
542	1404	1181
543	1407	1179
544	1409	1176
545	1412	1174
546	1414	1171
547	1416	1168
548	1419	1166
549	1422	1163
550	1424	1161
551	1427	1158
552	1429	1155
553	1432	1153
554	1434	1150
555	1437	1147
556	1439	1144
557	1441	1141
558	1443	1138
559	1446	1136
560	1448	1133
561	1450	1130
562	1452	1127
563	1455	1124
564	1458	1122
565	1460	1120
566	1463	1117
567	1465	1114
568	1467	1111
569	1470	1109
570	1472	1106
571	1474	1103
572	1476	1100
573	1478	1097
574	1481	1095
575	1484	1092
576	1486	1089
577	1488	1086
578	1490	1084
579	1493	1081
580	1495	1078
581	1498	1076
582	1500	1073
583	1502	1070
584	1505	1067
585	1507	1065
586	1510	1062
587	1513	1060
588	1515	1057
589	1517	1054
590	1519	1051
591	1522	1049
592	1524	1046
593	1526	1043
594	1529	1041
595	1531	1038
596	1533	1035
597	1536	1033
598	1539	1030
599	1542	1028
600	1545	1025
601	1547	1023
602	1549	1020
603	1552	1017
604	1554	1014
605	1556	1012
606	1558	1009
607	1561	1006
608	1563	1003
609	1565	1000
610	1567	998
611	1570	995
612	1572	992
613	1575	990
614	1577	987
615	1579	984
616	1582	982
617	1584	979
618	1587	977
619	1589	974
620	1591	971
621	1594	969
622	1596	966
623	1599	963
624	1601	960
625	1603	957
626	1605	955
627	1608	952
628	1611	950
629	1614	948
630	1616	945
631	1619	943
632	1621	940
633	1624	937
634	1627	935
635	1629	932
636	1631	929
637	1634	927
638	1636	924
639	1639	922
640	1641	919
641	1644	916
642	1646	914
643	1648	911
644	1651	908
645	1654	906
646	1656	903
647	1658	901
648	1661	898
649	1663	895
650	1666	893
651	1668	890
652	1670	887
653	1673	885
654	1675	882
655	1677	879
656	1679	876
657	1682	874
658	1684	871
659	1686	869
660	1689	866
661	1691	863
662	1694	861
663	1696	858
664	1698	855
665	1700	852
666	1703	850
667	1705	847
668	1707	844
669	1710	842
670	1712	839
671	1714	836
672	1716	833
673	1718	831
674	1721	828
675	1723	826
676	1726	823
677	1728	820
678	1730	818
679	1733	815
680	1736	813
681	1738	810
682	1740	807
683	1742	805
684	1745	802
685	1747	799
686	1755	800
687	1759	798
688	1762	795
689	1766	793
690	1769	791
691	1770	788
692	1773	785
693	1775	782
694	1777	780
695	1780	777
696	1782	774
697	1784	772
698	1786	769
699	1788	766
700	1791	764
701	1794	761
702	1796	758
703	1798	756
704	1800	753
705	1803	750
706	1805	748
707	1808	745
708	1810	743
709	1812	740
710	1815	737
711	1817	735
712	1820	732
713	1822	729
714	1825	727
715	1827	724
716	1829	722
717	1831	719
718	1833	716
719	1836	714
720	1838	711
721	1840	708
722	1842	706
723	1845	703
724	1847	700
725	1850	698
726	1853	695
727	1855	693
728	1857	690
729	1859	687
730	1862	685
731	1865	682
732	1867	680
733	1869	677
734	1871	674
735	1873	672
736	1876	669
737	1879	667
738	1881	664
739	1883	661
740	1885	659
741	1888	656
742	1890	654
743	1893	651
744	1896	648
745	1898	646
746	1900	643
747	1903	641
748	1905	638
749	1907	635
750	1910	633
751	1912	630
752	1914	628
753	1917	625
754	1919	622
755	1921	620
756	1924	617
757	1926	615
758	1929	612
759	1931	609
760	1933	607
761	1936	604
762	1939	602
763	1941	599
764	1944	597
765	1946	594
766	1949	592
767	1952	589
768	1954	587
769	1957	584
770	1959	582
771	1962	579
772	1965	577
773	1967	574
774	1970	572
775	1973	569
776	1976	567
777	1978	564
778	1980	561
779	1982	559
780	1985	556
781	1988	554
782	1990	551
783	1992	549
784	1995	546
785	1997	543
786	1999	541
787	2002	538
788	2004	536
789	2007	533
790	2009	530
791	2011	528
792	2013	525
793	2015	523
794	2018	520
795	2020	517
796	2022	515
797	2025	512
798	2027	509
799	2029	507
800	2031	504
801	2033	502
802	2036	499
803	2038	496
804	2040	494
805	2042	491
806	2044	489
807	2047	486
808	2049	483
809	2051	481
810	2053	478
811	2056	476
812	2058	473
813	2060	470
814	2062	468
815	2065	465
816	2068	463
817	2070	460
818	2073	458
819	2075	455
820	2078	453
821	2080	450
822	2083	448
823	2085	445
824	2081	441
825	2084	439
826	2093	437
827	2089	434
828	2093	431
829	2101	430
830	2104	427
831	2101	424
832	2103	421
833	2107	419
834	2109	416
835	2111	414
836	2113	411
837	2115	409
838	2118	406
839	2120	403
840	2122	401
841	2125	398
842	2128	396
843	2131	393
844	2133	391
845	2136	388
846	2138	386
847	2141	383
848	2144	381
849	2146	378
850	2148	376
851	2151	373
852	2153	371
853	2156	368
854	2159	366
855	2161	363
856	2163	360
857	2165	358
858	2167	355
859	2170	353
860	2172	350
861	2174	348
862	2177	345
863	2179	343
864	2181	340
865	2184	338
866	2187	335
867	2190	333
868	2192	330
869	2194	327
870	2197	325
871	2200	322
872	2202	320
873	2205	317
874	2207	315
875	2209	312
876	2212	310
877	2215	307
878	2219	305
879	2223	303
880	22880	225881	2230	298
882	2234	296
883	2237	293
884	2240	291
885	2244	288
886	2246	286
887	2249	283
888	2251	281
889	2254	278
890	2257	276
891	2259	273
892	2261	270
893	2263	268
894	2266	265
895	2269	263
896	2271	260
897	2274	258
898	2276	255
899	22899	229900	22900	229901	22901	230902	22902	230903	22903	2306	244
904	2308	242
905	2311	239
906	2313	237
907	2316	234
908	2318	232
909	2320	229
910	2323	226
911	2326	224
912	2328	221
913	2331	219
914	2333	216
915	2335	214
916	2338	211
917	2340	209
918	2342	206
919	2345	203
920	2348	201
921	2350	198
922	2354	196
923	2356	193
924	2359	191
925	2361	188
926	2363	186
927	2365	183
928	2367	180
929	236930	23930	237931	23931	237932	23932	237933	23933	237934	23934	238935	23935	238936	23936	238937	23937	238938	23938	239939	23939	239940	23940	2397	150
941	2399	147
942	240943	23943	2404	142
944	2407	140
945	2410	137
946	2412	135
947	2415	132
948	2417	129
949	2420	127
950	2422	124
951	2425	122
952	2427	119
953	2430	117
954	2433	114
955	2436	112
956	2438	109
957	2441	107
958	2443	104
959	2446	101
960	2449	99
961	2451	96
962	2454	94
963	2455	91
964	2458	89
965	2460	86
966	24967	24967	24968	24968	24969	24969	24970	24970	24971	24971	24972	24972	24973	24973	24974	24974	24975	24975	24976	24976	24977	24977	24978	24978	24979	24979	24980	24980	24981	24981	24982	24982	25983	24983	25984	24984	25985	24985	2511	35
986	25987	25987	25988	25988	25989	25989	25990	25990	25991	25991	25992	2515	17
993	2517	15
994	2519	12
995	25995	25996	25996	2997	25997	2998	25998	2999	25999	2561	0
